{
	"partitions" : [
		{
			"name" : "Top",
			"pins" : [
				{
					"name" : "out_zero",
					"strict" : false
				},
				{
					"name" : "out[31]",
					"strict" : false
				},
				{
					"name" : "out[30]",
					"strict" : false
				},
				{
					"name" : "out[29]",
					"strict" : false
				},
				{
					"name" : "out[28]",
					"strict" : false
				},
				{
					"name" : "out[27]",
					"strict" : false
				},
				{
					"name" : "out[26]",
					"strict" : false
				},
				{
					"name" : "out[25]",
					"strict" : false
				},
				{
					"name" : "out[24]",
					"strict" : false
				},
				{
					"name" : "out[23]",
					"strict" : false
				},
				{
					"name" : "out[22]",
					"strict" : false
				},
				{
					"name" : "out[21]",
					"strict" : false
				},
				{
					"name" : "out[20]",
					"strict" : false
				},
				{
					"name" : "out[19]",
					"strict" : false
				},
				{
					"name" : "out[18]",
					"strict" : false
				},
				{
					"name" : "out[17]",
					"strict" : false
				},
				{
					"name" : "out[16]",
					"strict" : false
				},
				{
					"name" : "out[15]",
					"strict" : false
				},
				{
					"name" : "out[14]",
					"strict" : false
				},
				{
					"name" : "out[13]",
					"strict" : false
				},
				{
					"name" : "out[12]",
					"strict" : false
				},
				{
					"name" : "out[11]",
					"strict" : false
				},
				{
					"name" : "out[10]",
					"strict" : false
				},
				{
					"name" : "out[9]",
					"strict" : false
				},
				{
					"name" : "out[8]",
					"strict" : false
				},
				{
					"name" : "out[7]",
					"strict" : false
				},
				{
					"name" : "out[6]",
					"strict" : false
				},
				{
					"name" : "out[5]",
					"strict" : false
				},
				{
					"name" : "out[4]",
					"strict" : false
				},
				{
					"name" : "out[3]",
					"strict" : false
				},
				{
					"name" : "out[2]",
					"strict" : false
				},
				{
					"name" : "out[1]",
					"strict" : false
				},
				{
					"name" : "out[0]",
					"strict" : false
				},
				{
					"name" : "PC[31]",
					"strict" : false
				},
				{
					"name" : "PC[30]",
					"strict" : false
				},
				{
					"name" : "PC[29]",
					"strict" : false
				},
				{
					"name" : "PC[28]",
					"strict" : false
				},
				{
					"name" : "PC[27]",
					"strict" : false
				},
				{
					"name" : "PC[26]",
					"strict" : false
				},
				{
					"name" : "PC[25]",
					"strict" : false
				},
				{
					"name" : "PC[24]",
					"strict" : false
				},
				{
					"name" : "PC[23]",
					"strict" : false
				},
				{
					"name" : "PC[22]",
					"strict" : false
				},
				{
					"name" : "PC[21]",
					"strict" : false
				},
				{
					"name" : "PC[20]",
					"strict" : false
				},
				{
					"name" : "PC[19]",
					"strict" : false
				},
				{
					"name" : "PC[18]",
					"strict" : false
				},
				{
					"name" : "PC[17]",
					"strict" : false
				},
				{
					"name" : "PC[16]",
					"strict" : false
				},
				{
					"name" : "PC[15]",
					"strict" : false
				},
				{
					"name" : "PC[14]",
					"strict" : false
				},
				{
					"name" : "PC[13]",
					"strict" : false
				},
				{
					"name" : "PC[12]",
					"strict" : false
				},
				{
					"name" : "PC[11]",
					"strict" : false
				},
				{
					"name" : "PC[10]",
					"strict" : false
				},
				{
					"name" : "PC[9]",
					"strict" : false
				},
				{
					"name" : "PC[8]",
					"strict" : false
				},
				{
					"name" : "PC[7]",
					"strict" : false
				},
				{
					"name" : "PC[6]",
					"strict" : false
				},
				{
					"name" : "PC[5]",
					"strict" : false
				},
				{
					"name" : "PC[4]",
					"strict" : false
				},
				{
					"name" : "PC[3]",
					"strict" : false
				},
				{
					"name" : "PC[2]",
					"strict" : false
				},
				{
					"name" : "PC[1]",
					"strict" : false
				},
				{
					"name" : "PC[0]",
					"strict" : false
				},
				{
					"name" : "clk",
					"strict" : false
				},
				{
					"name" : "in[1]",
					"strict" : false
				},
				{
					"name" : "in[0]",
					"strict" : false
				},
				{
					"name" : "in[3]",
					"strict" : false
				},
				{
					"name" : "in[2]",
					"strict" : false
				},
				{
					"name" : "in[5]",
					"strict" : false
				},
				{
					"name" : "in[4]",
					"strict" : false
				},
				{
					"name" : "in[7]",
					"strict" : false
				},
				{
					"name" : "in[6]",
					"strict" : false
				},
				{
					"name" : "in[9]",
					"strict" : false
				},
				{
					"name" : "in[8]",
					"strict" : false
				},
				{
					"name" : "in[11]",
					"strict" : false
				},
				{
					"name" : "in[10]",
					"strict" : false
				},
				{
					"name" : "in[13]",
					"strict" : false
				},
				{
					"name" : "in[12]",
					"strict" : false
				},
				{
					"name" : "in[15]",
					"strict" : false
				},
				{
					"name" : "in[14]",
					"strict" : false
				},
				{
					"name" : "in[17]",
					"strict" : false
				},
				{
					"name" : "in[16]",
					"strict" : false
				},
				{
					"name" : "in[19]",
					"strict" : false
				},
				{
					"name" : "in[18]",
					"strict" : false
				},
				{
					"name" : "in[21]",
					"strict" : false
				},
				{
					"name" : "in[20]",
					"strict" : false
				},
				{
					"name" : "in[23]",
					"strict" : false
				},
				{
					"name" : "in[22]",
					"strict" : false
				},
				{
					"name" : "in[25]",
					"strict" : false
				},
				{
					"name" : "in[24]",
					"strict" : false
				},
				{
					"name" : "in[27]",
					"strict" : false
				},
				{
					"name" : "in[26]",
					"strict" : false
				},
				{
					"name" : "in[29]",
					"strict" : false
				},
				{
					"name" : "in[28]",
					"strict" : false
				},
				{
					"name" : "in[31]",
					"strict" : false
				},
				{
					"name" : "in[30]",
					"strict" : false
				}
			]
		}
	]
}